"plot","climate","city.km","pptnorms.mm"
"AM",1,77.09981669,340.64
"BM",1,28.49836062,185.88
"BZ",3,78.55686588,341.21
"EB",1,28.58246141,215.18
"ET",6,65.42544826,184.35
"FP",6,25.47912858,408.68
"GH",6,23.0135001,281.54
"HF",1,48.51865439,246.93
"HM",3,89.21470399,272.96
"HQ",6,82.59367773,288.31
"LS",3,55.94702447,296.84
"MM",6,34.04319456,235.56
"NW",5,66.93921415,177.39
"SP",6,32.44227741,357.1
"TM",6,18.6625243,294.69
"WM",3,35.8333917,393.91
"WS",7,28.12968024,257.44
